HostID,HostFirstName,HostLastName
615,Joe,Smith
666,Jennifer & Giovanni,Johnson
783,Jason,Williams
933,Jill,Brown
990,Alexandra,Jones
2150,Joanne,Miller
135298,Rick,Davis
98912,Jess,Garcia
489506,Doreen,Rodriguez
745200,Susan,Wilson
526354,Michael,Martinez
923646,Kate,Anderson
10730,William,Taylor
1238201,Dave,Thomas
1475137,Lee,Hernandez
1154806,Ellen,Moore
930851,Nicholas,Martin
269892,Maura,Jackson
10951,Tricia,Thompson
2370964,Andrea,White
2563107,Matthew,Lopez
1313972,Heather,Lee
2832150,Kerry,Gonzalez
2157095,Valerie,Harris
3364096,Becky,Clark
3440535,Krista,Lewis
3654159,Dave & Lisa,Robinson
3816358,John,Walker
3915386,Mary,Perez
3638426,Ling & Chris,Hall
4087056,Jeanne,Young
3344763,Steve,Allen
1275081,Shawn,Sanchez
4150751,Pamela,Wright
4366942,Nan,King
4452973,Vivian & Tom,Scott
4911774,Tim And Cindy,Green
3378084,Alexandra,Baker
5173501,Steve,Adams
5216325,Julia,Nelson
4745285,Sean,Hill
5811115,Annette,Ramirez
3577356,Bonnie,Campbell
5910663,Tony,Mitchell
879998,Jennifer,Roberts
192640,Kim,Carter
6658113,Ann,Phillips
6674631,Cynthia,Evans
7138728,Ann,Turner
1382900,Pamela,Torres
8157870,Rachel,Parker
8410190,Deanna,Collins
8428229,Christina,Edwards
4756064,Brian And Tarryn,Stewart
8697449,Jennifer,Flores
8714815,Allison,Morris
2416216,Jason,Nguyen
9402581,Rita,Murphy
9447036,Zach,Rivera
9869829,Barbara,Cook
9933778,Kelvin,Rogers
10109001,Joey,Morgan
10033473,Anne,Peterson
9597571,Jon & Irene,Cooper
10535707,Nicole,Reed
10917089,Jeffrey,Bailey
10534574,Jessica,Bell
11393480,Darrow,Gomez
1239512,Zorab,Kelly
7961148,Cory,Howard
184771,Melanie,Ward
12482307,Jeremy,Cox
6896064,Greg,Diaz
11000035,Ryan,Richardson
4706233,Jeffrey,Wood
10128382,Kerry,Watson
5817350,Marcie,Brooks
14414164,Mary,Bennett
5181201,Danno & Rachel,Gray
14699024,Julie,James
2544705,Gustavo,Reyes
15178224,Jennifer,Cruz
14178014,John,Hughes
15283636,Dong,Price
15933305,Sarah,Myers
135470,Mark,Long
13796890,German,Foster
16356824,Claus,Sanders
16579406,Daniel,Ross
16581953,Jeff,Morales
16835411,Sarah,Powell
16853725,Nanci,Sullivan
16865529,Tim,Russell
180156649,Jacob,Ortiz
12969161,Jamie,Jenkins
10105976,Mike And Molly,Gutierrez
17524202,Sam,Perry
17599678,Mallory,Butler
17833434,Claytonious,Barnes
17831791,Michelle,Fisher
18168193,Georgia,Henderson
8059814,Nora,Coleman
10010242,Jon,Simmons
2537989,Kristin,Patterson
20525963,Julie,Jordan
20739244,Mark + Shahana,Reynolds
18930052,Nikki & James,Hamilton
11706428,Aaron,Graham
21380104,Mik,Kim
5326121,Colby,Gonzales
860762,Corey & Heidi,Alexander
772942,Anastacia,Ramos
5416557,Maureen,Wallace
11054215,Dawn & Jacob,Griffin
7917076,Lynne,West
21982508,Jb,Cole
22009424,Carlos,Hayes
22155542,Ben,Chavez
21152797,Hilary,Gibson
22292048,Travis,Bryant
22299710,Al,Ellis
245393,Melissa,Stevens
2214085,Sarah,Murray
22922907,David,Ford
7199287,David And Virginia,Marshall
17840241,Melissa,Owens
23466084,Tyler,Mcdonald
23623049,Scott,Harrison
7447790,Rick/Ali,Ruiz
8264792,Sheila,Kennedy
23747225,Lacey,Wells
4045359,Tim,Alvarez
3807039,Josh,Woods
10843433,Edric,Mendoza
11850286,Portia,Castillo
24166267,Patrick,Olson
24532369,Ryan & Tina,Webb
24554268,Mark,Washington
23195393,Laurel And Paul,Tucker
3404287,Matt,Freeman
30972487,Sabrina,Burns
25591329,Linda,Henry
4977032,Araceli,Vasquez
4252297,Andrea,Snyder
26180502,Andrea,Simpson
8000793,Marta Claire,Crawford
14782250,Lane,Jimenez
10751081,Beatrice (Bia),Porter
27643890,Susan,Mason
27265704,Adam,Shaw
5852906,Dr. Faye,Gordon
27914367,Lee,Wagner
28067552,Matt,Hunter
28477682,Wendy,Romero
18399671,Casey,Hicks
11839559,Cheryl,Dixon
26125748,Adi & Edwin,Hunt
29643692,Jeff,Palmer
16611775,Megan,Robertson
19065685,Allan,Black
17085160,Alan,Holmes
30753345,Reese,Stone
9193876,Laura,Meyer
30983019,Justin,Boyd
12740723,Roger,Mills
31372083,Denise,Warren
31481199,Dan,Fox
31858502,Brian,Rose
32766212,John,Rice
28359129,Matt & Vicki,Moreno
29472916,Kevin,Schmidt
24482892,Carrie,Patel
33215141,Ryan,Ferguson
10664607,Jerry,Nichols
2104816,Luke,Herrera
1627500,Adrienne,Medina
33999490,Janet,Ryan
34414056,Kathy,Fernandez
23183224,James,Weaver
29623887,Nikki,Daniels
19189781,Jeramy,Stephens
4887649,Elizabeth,Gardner
35920914,Perri,Payne
36000852,Billy,Kelley
36232565,Valerie & Shelan,Dunn
36460088,Jared,Pierce
36958541,Christiaan,Arnold
45310987,Morgan,Tran
33601029,Joseph,Spencer
269598,Lovedy,Peters
19603085,Rae,Hawkins
36223369,Nadine,Grant
2539132,Lia,Hansen
1983332,Kevin,Castro
30944900,Mina /Chris,Hoffman
1899727,Jill & Stephen,Hart
39528382,Logan,Elliott
19989453,Stan,Cunningham
5887477,Amy,Knight
4415192,Colleen,Bradley
39826780,Adam,Carroll
18274641,Dennis,Hudson
13416841,Melanie,Duncan
40939130,Zak,Armstrong
40990434,Vicki,Berry
15242726,Jenny,Andrews
14191439,Kevin,Johnston
41207447,Josh,Ray
41330028,CeCe,Lane
21621574,Aki,Riley
41729545,Matt And Lindsay,Carpenter
6065807,Kimberly & Tonya,Perkins
41917396,L. Daniel,Aguilar
4657393,Nanci,Silva
42637305,Erica & Brianna,Richards
42695987,Pavlo,Willis
20944232,Cathy,Matthews
12882844,Michelle,Chapman
43592231,Asfaw,Lawrence
43629370,Ania,Garza
43122356,Rex,Vargas
43953355,Jerry And Alejandro,Watkins
9954312,Brandon And Robert,Wheeler
44048347,Meghan,Larson
9153888,Brian &  Maribeth,Carlson
12241986,Tanya,Harper
2822362,Susie,George
45038909,Boon,Greene
45086901,Corie,Burke
4156700,James,Guzman
45395723,Travis,Morrison
258578682,Danny,Munoz
45409664,Steven And Naren,Jacobs
45596101,Tracy,Obrien
12985200,Kris,Lawson
228639,Danny & Christy,Franklin
19908482,Adrian,Lynch
11583644,Brian,Bishop
39138879,Peter,Carr
46741655,Chris,Salazar
976565,Kym,Austin
46855358,Tom,Mendez
47046454,Katie,Gilbert
31618681,Cheryl,Jensen
47187565,Jonathan,Williamson
16260493,Garett,Montgomery
134798,Lonna,Harvey
932656,Tyler,Oliver
1799191,Bricksandtimber (Ashlee & Graham),Howell
24401158,Suzi,Dean
4810141,Scott,Hanson
932707,Liz (& Tim),Weber
52470095,Kristin,Garrett
48065725,Rob,Sims
47832519,Eric,Burton
6488047,Valissa,Fuller
37167620,Michael,Soto
48873476,Hostel Fish,Mccoy
24483378,Sarah,Welch
49223382,Instant Book,Chen
3633927,Mark,Schultz
30900892,Jennifer,Walters
49300516,Eric,Reid
12511092,Peter,Fields
34722103,KayJay,Walsh
16072418,Jack,Little
49950833,Tim,Fowler
48730444,Timmy,Bowman
16492305,Elizabeth,Davidson
6740624,Kevin,May
23467484,Jon,Day
11397394,Megan,Schneider
51536293,Lori,Newman
51532358,Emily,Brewer
52159454,Nancy,Lucas
36757616,Jess & Will,Holland
3750116,Scott And Debra,Wong
35248471,Emily,Banks
52788342,Jim,Santos
52888534,Steve & Icecy,Curtis
53224133,Karrie,Pearson
47859549,Allison,Delgado
53337369,Anne,Valdez
19982334,Todd,Pena
50538968,Karen,Rios
55341034,Mekonnen,Douglas
28473736,Aeric,Sandoval
54233525,Billy,Barrett
3792996,Lauren,Hopkins
6294270,Dan,Keller
48954452,Jack,Guerrero
109171314,Germaine,Stanley
57793441,Sean,Bates
57934049,Brea,Alvarado
15481142,Robert,Beck
36382732,Teddy,Ortega
313516,Robin,Wade
52363049,Michelle,Estrada
15779286,Sharat,Contreras
20565369,Heidi Elizabeth,Barnett
531267,Shelley,Caldwell
37746616,Jessica,Santiago
11000947,Kate,Lambert
60744966,Jenna,Powers
27330105,Lisa,Chambers
76258951,Nancy,Nunez
17467221,Aj,Craig
48525049,Kenny,Leonard
63778241,Josh,Lowe
10387069,Becky,Rhodes
12008253,Rob,Byrd
5640425,Bruno,Gregory
7171834,Josh,Shelton
48253778,Stephanie,Frazier
31302617,Chris,Becker
78356,Gabriel + Vanessa,Maldonado
1513183,Sharon,Fleming
7796684,Susan,Vega
43130573,Sarah,Sutton
64322083,Brad,Cohen
13044760,Ivan,Jennings
10161902,Rebecca,Parks
17794497,David,Mcdaniel
15203290,Lh,Watts
67536087,Beth,Barker
47979834,Deana,Norris
68558775,Josefina,Vaughn
3256573,Daphne,Vazquez
11789577,John,Holt
17577610,Marcia,Schwartz
45325332,Chris,Steele
19527828,Joel,Benson
61577440,Rich,Neal
62569079,Justin,Dominguez
71381744,Tonya,Horton
71572483,Susan,Terry
71576074,Patricia,Wolfe
55608382,Douglas,Hale
44105547,Tina,Lyons
35371002,Lynne,Graves
71942566,Kyle And Faith,Haynes
9272259,Bret,Miles
53194431,Billy,Park
34274795,Alison And Steve,Warner
73386569,Kim,Padilla
50847379,Jp,Bush
47682244,Tim,Thornton
74646741,Beth,Mccarthy
25772700,Molly Anne,Mann
29894937,Kevin,Zimmerman
9759896,John,Erickson
36963407,Ieva,Fletcher
74813049,Cindy,Mckinney
23216142,Cal,Page
66825507,Guirec,Dawson
48448059,Judy & Marty,Joseph
14949477,Gary,Marquez
67514634,Jordan,Reeves
2577320,David,Klein
50669204,Adrienne,Espinoza
7131433,Phillip,Baldwin
4220435,Jordan,Moran
79333399,Natty,Love
334357,Shane,Robbins
24157036,Angela,Higgins
50675571,Mark,Ball
59081051,Caleb,Cortez
80564551,Tracy,Le
80578027,Brook,Griffith
78157646,Jamie,Bowen
8751405,Maria,Sharp
46508154,Kimberly,Cummings
68941411,Matt,Ramsey
32674537,Amy & Jesse,Hardy
271521,Jenee,Swanson
50005108,Jaclyn E,Barber
25549082,Danielle,Acosta
83284238,Jacob,Luna
25445358,Candice,Chandler
69009301,Herbert,Blair
6788650,Caroline,Daniel
9895129,Lynette,Cross
46817293,Albert,Simon
86000051,Vance And Robert,Dennis
45241934,Robert,Oconnor
86765253,Katie,Quinn
5762400,Carlos,Gross
88156830,Jenn,Navarro
77779966,Shelley,Moss
22723469,Gerard,Fitzgerald
88744516,Judith,Doyle
40913944,Ruth,Mclaughlin
88905818,Rick/Terry,Rojas
28638748,Banks,Rodgers
89136886,Libby And Regan,Stevenson
4372032,Chandrika,Singh
89590698,Sam,Yang
25011232,Teshome,Figueroa
38865640,Chuck And Jordan,Harmon
43208887,Shawn,Newton
47421139,Rob,Paul
1093754,Darren,Manning
3298426,Grace,Garner
92173213,Jamie (Randy),Mcgee
26330223,Cristina,Reese
42450360,Kathryn,Francis
65404428,Kristi McCoy,Burgess
55726275,Sarsha,Adkins
44838914,Owen,Goodman
42861138,Joy,Curry
28635931,Sharie,Brady
76598410,Natasha,Christensen
30796919,Mark,Potter
30076081,Jennifer,Walton
96040278,Michele & Michael,Goodwin
61259890,David,Mullins
80505094,Aana,Molina
97566755,Andries,Webster
5470074,Anu,Fischer
1568544,Katie,Campos
42862500,Linda,Avila
3120399,Marianne,Sherman
98259634,Denver Skyline,Todd
23229931,Amme,Chang
46662008,Jason,Blake
86138229,Bob,Malone
61262053,Stewart,Wolf
99922578,Bijan,Hodges
90713031,Renee And Miguel,Juarez
100182237,John,Gill
100418602,Ernie And Jane,Farmer
2632560,Becky,Hines
100535512,Michael And Donna,Gallagher
34017443,Jessica,Duran
55182207,Allison,Hubbard
100934543,Christie,Cannon
101037170,Michael,Miranda
101160372,Travis,Wang
6806562,Larisa,Saunders
3842099,Eva,Tate
63262656,Jacob,Mack
102132807,Harry,Hammond
3427031,Marcus,Carrillo
18948452,Lori,Townsend
51945782,Amanda,Wise
101617046,Nathan,Ingram
102357141,Ashley,Barton
55376910,Kelsey,Mejia
56267154,Daniel,Ayala
102649781,Tama,Schroeder
102755068,Paul,Hampton
114383856,David,Rowe
12744170,James,Parsons
89673435,Gerald,Frank
30968138,Erin,Waters
76623834,Jessica,Strickland
52017585,Rosalia,Osborne
39724485,Alec,Maxwell
6807612,Sarah,Chan
7011288,Tamara And Michael,Deleon
12029895,Josh,Norman
24326234,Christina,Harrington
62397088,Brad,Casey
93197703,Julie,Patton
104851502,Norm,Logan
105378673,Olivia,Bowers
24260978,Niki,Mueller
7933030,Maggie,Glover
4321221,Molly,Floyd
2708287,Trish,Hartman
105873739,Chris,Buchanan
105950282,Kristen,Cobb
105952892,Leif,French
98813482,Jeff,Kramer
52979495,Nicole,Mccormick
106313934,Jann,Clarke
106558951,The Vivianos,Tyler
59640170,Charla,Gibbs
96214849,Marlon,Moody
106747711,Matt,Conner
105039308,Ned,Sparks
70563805,Hideaway Vacation Rentals,Mcguire
107795938,Stacy And Paula,Leon
68535175,Tyler,Bauer
68062201,Tomas,Norton
83893609,Matt,Pope
110168418,Mark,Flynn
5895181,Josianne,Hogan
110684654,Don,Robles
41167673,Carissa,Salinas
1119312,Tammi,Yates
111954321,Erika,Lindsey
112092935,Trista,Lloyd
109045672,Sarah,Marsh
47215671,Todd,Mcbride
20704706,Meg,Owen
33666244,David And Beth,Solis
112293494,Rodney,Pham
112334795,Jeremiah,Lang
5245619,Nick,Pratt
65414250,Vinny,Lara
95303066,Amanda And Chris,Brock
24517598,Alex,Ballard
114064650,Nicholas,Trujillo
9330597,Ryan,Shaffer
3811839,Annabelle + Christian,Drake
3042995,Scott,Roman
10493254,Scott,Aguirre
84310593,Jessica,Morton
14488214,Josh & Chelsea,Stokes
910454,Mark,Lamb
45042038,Kat,Pacheco
115562717,Steven,Patrick
53312831,Laura,Cochran
10586703,Tommy,Shepherd
116255753,Michael And Connie,Cain
111422650,Steven,Burnett
2843403,Shaughn,Hess
116858592,Jon,Li
91149360,Dorothy,Cervantes
7883078,Keith,Olsen
117026480,Kyle,Briggs
117130827,Alex,Ochoa
59101118,Lauren,Cabrera
117694686,Meka,Velasquez
117149994,Mardy,Montoya
117968196,Brian,Roth
25444350,Robin,Meyers
51768939,Rafer,Cardenas
119155604,Harold,Fuentes
119362843,Bill & Linda,Weiss
109840383,Carol,Hoover
38287188,Laura & Ryan,Wilkins
8179055,Danielle,Nicholson
119491603,Randall,Underwood
120736562,Toby,Short
120741036,Laura,Carson
73069305,Peter,Morrow
121151077,William,Colon
41486741,Jason,Holloway
90331945,Valerie,Summers
123485075,Julie,Bryan
123518488,ZoeAnn,Petersen
160633950,Jess,Mckenzie
7023715,Michele And Brian,Serrano
20578951,Ryan,Wilcox
38010701,Sam,Carey
76129561,Kate,Clayton
47146086,Maggie,Poole
9691307,Gretchen & Jim,Calderon
34955862,Scott,Gallegos
125026092,Eloise,Greer
4639745,Nancy & Andre,Rivas
33445605,Carolyn,Guerra
125573433,Julia,Decker
8011160,Lyn,Collier
23678670,Tony,Wall
121718072,Evolve,Whitaker
9859688,David,Bass
20657253,Chris,Flowers
122272953,Susan,Davenport
86155912,Channan,Conley
25664155,Kara,Houston
125073653,Paul,Huff
1662649,Liz & Yosef,Copeland
128719977,Susan,Hood
97820,Brooke,Monroe
36901141,Jamie,Massey
22887767,Paige,Roberson
9998811,Ashlea-Ann,Combs
25607097,Steve,Franco
130911588,The Home Store,Larsen
35343841,Silver,Pittman
28765055,Ashley,Randall
130971585,Marlene,Skinner
110340380,Chandra And Dave,Wilkinson
201860039,Anjelique,Kirby
2086212,Will & Todd,Cameron
101625007,Gladys,Bridges
132247248,Dana And Patrick,Anthony
1818792,Clarissa & Rich,Richard
133092562,Erik,Kirk
83333180,Veronique,Bruce
26794160,Kelly,Singleton
91389786,Sheri,Mathis
63715244,Renee And Ryan,Bradford
115403173,Jason,Boone
1312372,Cynthia,Abbott
2161,Ben,Charles
134596014,Scott,Allison
12085516,Savoye,Sweeney
20669428,Brianna,Atkinson
48770707,Patricia,Horn
41540223,Dan,Jefferson
133932923,Paige,Rosales
35168746,Emmy And Cameron,York
61029179,Joe,Christian
133601777,Tiffany,Phelps
5679945,Pauline,Farrell
14566565,Jay,Castaneda
29171653,Rob,Nash
87631854,Teal,Dickerson
11496272,Listy,Bond
138521755,Pemba,Wyatt
54348240,Troy,Foley
28563486,Cindy,Chase
139708872,Miles And Annie,Gates
96624806,Mark,Vincent
45200960,Tom,Mathews
17299124,Katie,Hodge
48767054,Lee,Garrison
102128560,Jill,Trevino
141560792,James + Katherine,Villarreal
125745643,Polly,Heath
140584681,John,Dalton
142037301,Brooke,Valencia
139737649,Juan,Callahan
71512884,Michelle,Hensley
2533748,Gerald,Atkins
40552938,Jennifer,Huffman
5089337,Brian,Roy
7524900,Jessica,Boyer
2790624,Jeremy & Mariah,Shields
21899708,Leon,Lin
10900007,Joseph,Hancock
144123521,VenandMegan,Grimes
11293995,Lucia,Glenn
138179990,Guest Stars,Cline
73253492,Peter,Delacruz
24637894,Stephanie,Camacho
36400258,Josh,Dillon
39659935,Imad,Parrish
559867,Amine,Oneill
49424751,Dustin,Melton
2903727,Meghan,Booth
18741192,Kelli,Kane
146663005,Leasha “Lisha”,Berg
9921222,Courtney,Harrell
61177011,Kerrie,Pitts
4336857,Ryan,Savage
127886515,Yohannes,Wiggins
141871359,Anthony,Brennan
30365267,Kaitlin,Salas
6980429,Eileen,Marks
90253862,Megan,Russo
5225646,Christopher,Sawyer
7656786,Julia,Baxter
52958900,Jon + Talene,Golden
59227346,Ali,Hutchinson
1151473,Jorgen,Liu
51530543,Samson,Walter
65133406,Michael,Mcdowell
4271793,Joshua,Wiley
88702022,Barb,Rich
20215844,Christy,Humphrey
28183156,Todd,Johns
105865103,Shatta,Koch
20443428,Salil,Suarez
28420396,Mark,Hobbs
151149715,Cameron,Beard
150734947,Lorenzo,Gilmore
103278918,Elena,Ibarra
139314021,Jay,Keith
151442685,Ashley,Macias
151451820,Michele And Czeslaw,Khan
43001445,David,Andrade
139727711,Vince,Ware
113264940,Brad,Stephenson
77149120,Sue And Joe,Henson
152232731,Ray,Wilkerson
152257570,Cynthia,Dyer
8092882,Rebekah.,Mcclure
50669604,Lorissa,Blackwell
10967727,Liz,Mercado
3666717,Shawna,Tanner
151512284,Hanna,Eaton
150797741,Aweke,Clay
85020154,Cassandra (Sam),Barron
63941537,Emily,Beasley
24149592,Jacob,Oneal
1664538,John,Preston
153419786,Mark,Small
65787978,Luis,Wu
118734623,Jasmin,Zamora
18411531,Nathan,Macdonald
144614643,Stephen,Vance
8010731,Dakota,Snow
32075234,Angel,Mcclain
10557150,Matt,Stafford
18160608,Anne,Orozco
35661802,Sean,Barry
76048536,Nelson,English
154378295,Catalina,Shannon
156356662,Allison,Kline
33326336,Allison,Jacobson
102554711,Niraiventhi,Woodard
28425305,Nicole,Huang
33294500,Shane,Kemp
93193594,Ben,Mosley
19483688,James,Prince
34314008,Jason,Merritt
43193247,Simon,Hurst
24544007,Elizabeth ‘E-Lee’,Villanueva
55187396,Katherine,Roach
437094,Chris,Nolan
153663684,Joe,Lam
158239285,Peter,Yoder
115352746,Benjamin & Kim,Mccullough
8651420,Daniel,Lester
96377286,Brian,Santana
157843608,Paula,Valenzuela
74368861,Alicia,Winters
11390390,Sean,Barrera
159014730,Aaron And Amy,Leach
34915616,Charlotte,Orr
12800880,Brooke,Berger
90456728,Michelle,Mckee
9834932,AirSimplicity,Strong
37099285,Ashley,Conway
83080215,Tony,Stein
159515205,Holiday,Whitehead
159971502,Joy,Bullock
45676818,Sara,Escobar
13466466,Natalie,Knox
37620597,Doug,Meadows
160449770,Ember,Solomon
96032876,Kirk And Carissa,Velez
16722769,Scotty,Odonnell
17312872,Fj,Kerr
49381817,Michael,Stout
94876830,Peter,Blankenship
160900851,Chad And Susan,Browning
51523824,Tanya,Kent
64249345,Lisa,Lozano
44369106,Michael,Bartlett
23977016,Ben,Pruitt
11000177,Elizabeth,Buck
114888895,Valerie And Ricardo,Barr
161620561,Abby +  Ben,Gaines
68870931,Elaine,Durham
114407837,Jonathan,Gentry
16815406,Garrett & Sarah,Mcintyre
67273948,Anna,Sloan
98229149,Perez,Rocha
10989140,Dan And Emily,Melendez
162690625,Arthur,Herman
58096869,Kristen,Sexton
24975037,Tonya,Moon
163052068,Tyler,Hendricks
163193627,Christoph & Marla,Rangel
724381,Gr,Stark
2429828,Lauren,Lowery
163366758,Suzanne,Hardin
26031757,Jessica,Hull
19108385,Zac,Sellers
31817576,Peter,Ellison
28883060,Lacey And Larry,Calhoun
4089715,Tina,Gillespie
5818653,Shanna And Chris,Mora
165269170,Stephen Barnhardt,Knapp
14063519,Patty & Ed,Mccall
26476553,Skylar,Morse
25201891,Robert,Dorsey
165591133,Heather Virginia,Weeks
147407521,Robert,Nielsen
166817939,Claude,Livingston
167077262,Allison,Leblanc
167359136,Brian,Mclean
2935084,Jeremy,Bradshaw
167980589,Katie,Glass
24078,Michael,Middleton
117347367,Dave,Buckley
84506799,Cj,Schaefer
18409967,Tim,Frost
93886816,Rose,Howe
203341,Joseph,House
5429864,Anne,Mcintosh
22348511,Krista,Ho
170858984,Michael,Pennington
37817945,Sarah,Reilly
26242355,John,Hebert
2119786,Matthew,Mcfarland
2714352,Eric And Brandy,Hickman
4795521,Liz,Noble
38926815,Adam,Spears
23123101,Tesfahun,Conrad
12371381,Amy,Arias
25244015,Tim,Galvan
22279795,Trace,Velazquez
173063644,Kimberly,Huynh
26748184,Danny,Frederick
43519605,Jens,Randolph
14677251,Richard,Cantu
17597641,Teresa,Fitzpatrick
28017655,Nick,Mahoney
34516070,Rob,Peck
222380817,Alex,Villa
116710713,Laura,Michael
172438722,Christy,Donovan
161171194,David,Mcconnell
174078964,Joel,Walls
173126560,Dan,Boyle
4272021,Sasha,Mayer
23318426,Allison,Zuniga
49174780,Lindy,Giles
156914085,Gary,Pineda
151394248,Evolve,Pace
4049636,Nikki,Hurley
20820956,Kyle,Mays
156965671,Samson,Mcmillan
136127424,Kelly,Crosby
46428722,Toni,Ayers
20045562,Diana,Case
48108208,Christine,Bentley
178058475,Jake,Shepard
5161291,Jim,Everett
2224115,Kathy,Pugh
6356112,Mario,David
178635165,Vance And Mary,Mcmahon
23414923,Hannah,Dunlap
29947263,Noe,Bender
9150883,Sarah,Hahn
179537213,Tristan,Harding
22264101,Rachel,Acevedo
30661160,Willow,Raymond
180590857,Jeff,Blackburn
180726583,Jake,Duffy
87038528,Kyndi,Landry
243192607,Jose,Dougherty
5258229,Seth,Bautista
163473571,Rod,Shah
181134701,Michele And Mike,Potts
4374648,Salas,Arroyo
12899560,Nathan,Valentine
1675394,Suzy,Meza
8201883,Stephanie,Gould
71731436,C,Vaughan
5449792,Kerry,Fry
17337291,Neil,Rush
21479754,Jeffrey,Avery
36795268,James,Herring
11374868,Natalia,Dodson
183338544,Liz And Austin,Clements
27590231,Patrick & Lauren,Sampson
183370267,Tariq,Tapia
15284278,David,Bean
37836867,Spencer,Lynn
7153720,Kim,Crane
90932028,Eric,Farley
185692705,Christy,Cisneros
186166480,Penny And Bill,Benton
40976829,Zach,Ashley
12608517,Shane,Mckay
143045923,Michael,Finley
44176296,Neil,Best
180031850,Caren,Blevins
83062586,Tracy,Friedman
63819719,Jacob & Whitney,Moses
98105043,Tamara,Sosa
65405395,Edith,Blanchard
33703515,Anna & Oscar,Huber
3697079,Grady,Frye
41184591,James,Krueger
179021033,Taylor,Bernard
189580535,Kristi,Rosario
122720574,Natalie,Rubio
89395360,Zack,Mullen
177223604,Cherria,Benjamin
19900156,Ryan,Haley
11191536,Marc,Chung
190827059,Beth,Moyer
57512193,Jonathan,Choi
140437558,Michele,Horne
62305383,Bret,Yu
177020155,Amanda,Woodward
120363173,Angel & Kevin,Ali
40529899,Ashlee,Nixon
119528096,Emily,Hayden
32622027,Nada,Rivers
19196235,Mike,Estes
192292964,Toby,Mccarty
406826,Eric,Richmond
192353408,Eric And Elizabeth,Stuart
192484753,Liesl,Maynard
55277055,Brian,Brandt
144853715,Becca,Oconnell
161416242,Sydney,Hanna
30383796,Shelby,Sanford
7237522,Crystal,Sheppard
192985281,Jelena,Church
42681856,Seth,Burch
193509629,Brandon & Jean,Levy
155712512,Ivan,Rasmussen
153554705,Adam,Coffey
370944955,Optima,Ponce
58535599,'Ashlee,Faulkner
20461002,Lana,Donaldson
28306963,Cindy,Schmitt
92464669,Jess & Scott,Novak
195868411,Belay,Costa
19481161,Megan,Montes
22985240,Charley,Booker
94846610,Todd,Cordova
196418785,The Curtis Park Club,Waller
196612161,Andrew,Arellano
196667037,Katia,Maddox
197127827,Dominique,Mata
43517222,Matt,Bonilla
197328954,Bill & Rita,Stanton
85151522,Cam And Emily,Compton
954256,Conor,Kaufman
91134795,Travis,Dudley
197779983,William,Mcpherson
197977481,Jillian,Beltran
197984836,Alice,Dickson
174643286,David,Mccann
576644,Carol,Villegas
25316260,Steve,Proctor
6725657,Tina,Hester
198916506,Levent,Cantrell
36403245,Kathryn,Daugherty
48113711,Doug,Cherry
182297861,Nick,Bray
198899102,Dana,Davila
21061687,Theresa,Rowland
1787214,Eric,Levine
133755231,Shari,Madden
200503590,Desiree,Spence
128226885,Michael,Good
7527876,Adel,Irwin
66242686,Dave & Patrice,Werner
201268532,Emerick,Krause
18344226,Josh,Petty
165512196,Nick,Whitney
128461544,Daniel,Baird
6950490,Kristin,Hooper
20722381,Christina,Pollard
101757863,Ian,Zavala
23895940,Katie,Jarvis
196815402,Bert And Ariel,Holden
204275064,Nicole,Haas
204526945,Stacie And Gabe,Hendrix
57639083,James,Mcgrath
204538930,Gregg,Bird
95058953,Teddy,Lucero
2776241,Zarra,Terrell
3839974,Ryan & Nicole,Riggs
7517,Jessica,Joyce
17500067,Jake,Mercer
57824203,Michael,Rollins
130889641,Nathan,Galloway
142793465,Brian And Binh Co Host,Duke
29281163,Shelly,Odom
85303919,Lee & Jackie,Andersen
206011423,Brandy,Downs
51106815,Sara And John,Hatfield
63711171,Tonya,Benitez
77943347,CoRentals,Archer
2943530,Kodie,Huerta
206275665,David,Travis
35518808,Kristi,Mcneil
8944810,Cole,Hinton
133801683,Ellen,Zhang
80372984,Lee,Hays
54137975,Jonathan,Mayo
156572511,Tyler,Fritz
38875482,Jeremiah,Branch
208115656,Bekele,Mooney
27863969,Shelby,Ewing
1132210,Escher,Ritter
160654043,Jim,Esparza
209297769,Tahvory And Billy,Frey
209433672,Jeffrey,Braun
7566900,Nick,Gay
146196004,Tim,Riddle
209773898,Brenda And Marcus,Haney
33036680,Alex,Kaiser
129046090,Damien,Holder
194723079,Jen,Chaney
91375747,Savannah,Mcknight
50537460,Andrea,Gamble
87657028,Jacob,Vang
210315427,Michelle,Cooley
10745608,Tyler,Carney
185870296,Joshua,Cowan
67947933,Caroline,Forbes
107582791,Todd & Viri,Ferrell
211403088,Dave,Davies
211519578,Samson,Barajas
2715793,Christine,Shea
152368421,Seth,Osborn
8839039,Brian,Bright
131158712,Marilyn,Cuevas
4430887,Patrick,Bolton
161582412,Justin,Murillo
212308097,Lori,Lutz
212489443,Brooke,Duarte
212078777,Gina,Kidd
29477980,Wilson,Key
213167700,Danielle,Cooke
213404150,David,Goff
191010583,Autumn,Dejesus
213816495,Ardalan,Marin
11399180,Andrew,Dotson
213924339,Kimberly,Bonner
206924454,Jayson,Cotton
32590067,Peter,Merrill
52887158,Allie,Lindsay
215050479,Pawel,Lancaster
44022018,Lynne,Mcgowan
8455524,Heather,Felix
13095510,Cindy,Salgado
2125293,Brian,Slater
215710955,Rachel,Carver
48813666,Mark,Guthrie
53470985,Evan,Holman
61684146,Diana,Fulton
120683254,Evan,Snider
209814804,Mark,Sears
173577971,Karen,Witt
216915136,Chris & Larina,Newell
6480883,Susy,Byers
24981544,Michael,Lehman
81171785,Robert,Gorman
51020487,Tara,Costello
52013990,John,Donahue
9975711,Dana,Delaney
83612871,Michelle,Albert
218679571,Candice,Workman
97130295,Brett,Rosas
5531241,Kristi,Springer
219500074,Suzanna,Kinney
219506731,Victorien,Justice
219520656,Stetson & Megan,Odell
220553206,Elizabeth,Lake
17512099,Liz,Donnelly
43714010,Megan,Law
13302506,Ross,Dailey
220852775,Temesgen,Guevara
126538085,Lina,Shoemaker
112006680,James,Barlow
97331628,Annie,Marino
221190712,Stephanie,Winter
13031965,Brooke,Craft
37332028,Timothy,Katz
221641473,Ryan Shepherd,Pickett
217260072,Willem,Espinosa
198535436,Ann,Maloney
222061822,Lynn,Daly
70055411,Girma,Goldstein
84348048,Brittany,Crowley
36387388,Debbie,Vogel
223178574,Ebby,Kuhn
19784663,Scott,Pearce
223594810,Sergio,Hartley
52639692,Rachel,Cleveland
138704269,Leah,Palacios
2792851,Helen,Mcfadden
1750207,Kimberly & Marke,Britt
28074082,Sarah,Wooten
60249906,Nate,Cortes
224889070,Hanna,Dillard
8873819,Victoria,Childers
187330638,Jane,Alford
25518591,Amanda,Dodd
220323534,Micki,Emerson
225561524,Dan,Wilder
7746441,Jorge,Lange
225594721,Carina,Goldberg
49017723,Kasia,Quintero
3444402,Diana Rae,Beach
201411180,Jeffrey & Sandra,Enriquez
7012234,Alex,Quintana
60685865,Instantbookhomes,Helms
555806,Simon,Mackey
227446664,Johnny,Finch
2188005,Kate,Cramer
228002100,Joe And Katherine,Minor
165671603,Darren,Flanagan
228560773,Chris,Franks
184463794,Al,Corona
25062616,Jonny,Kendall
13759432,Nathan,Mccabe
172710634,Molly,Hendrickson
23358512,Anne & Ray,Moser
229066219,Jess,Mcdermott
203856808,Emma,Camp
67622679,Ben,Mcleod
229281911,Jd,Bernal
229438888,Anne And Tim,Kaplan
229439456,Beth,Medrano
603505,Michelle,Lugo
32005301,AyJay,Tracy
230066817,Sean,Bacon
277720650,Corin,Crowe
85724182,Amelia,Richter
37046236,Ari + Garrett,Welsh
20624256,Max,Holley
32306027,Randy,Ratliff
32462499,Mariana,Mayfield
230808215,Dusty And Emma,Talley
230853527,Aileen,Haines
231021221,Simon,Dale
248058179,Andy,Gibbons
1940284,Meghan,Hickey
15895580,Carla,Byrne
231954988,Brian,Kirkland
61794912,John & Lena,Farris
80797680,Gary,Correa
92462795,Anna,Tillman
94265807,Martin And Sarah,Sweet
27673821,Paul,Kessler
232970198,Andrew,England
43808128,Amanda,Hewitt
3321769,Darin,Blanco
222269797,Bryan,Connolly
38299376,Anna,Pate
83939156,Graham,Elder
166286376,Bethany,Bruno
36368225,Michael,Holcomb
15389921,Mary,Hyde
61698951,LaSheita,Mcallister
22620764,Paulo & Melanie,Cash
160089338,Steve And Karen,Christopher
77012683,Fernando,Whitfield
12194428,Courtney,Meeks
235935954,Nallely,Hatcher
5422708,Ross + Kat,Fink
171330600,Tracy & Publio,Sutherland
236142905,Rohini,Noel
119567327,Hosa Resources,Ritchie
23554654,Briana & Chase,Rosa
236573902,Dhivya,Leal
236781157,Christopher,Joyner
203068647,Rick And Betty,Starr
186538025,Debbie,Morin
5607906,Carl & Angie,Delarosa
28939848,Christina,Connor
10786678,Kyle,Hilton
53092580,Todd,Alston
130957760,Lindsay,Gilliam
26864804,Jennifer,Wynn
10978806,Lori And Jarred,Wills
127440041,Jodi,Jaramillo
17011465,Andrew,Oneil
3954639,Elise,Nieves
36004105,Monica,Britton
56185895,Sarah,Rankin
11445552,Dina,Belcher
239393858,Blake,Guy
9127865,Laura,Chamberlain
73557829,Dierk,Tyson
239584258,Simone,Puckett
14889378,Pete,Downing
2177476,Ben,Sharpe
141080281,Revnee,Boggs
6513429,Frederick,Truong
22548984,Adam,Pierson
351232,Alexandra,Godfrey
31282023,Natalie,Mobley
201118322,Michelle,John
238096541,Iryna,Kern
104186329,Alba,Dye
217768211,Hope,Hollis
14165112,Christopher,Bravo
241484151,Kay,Magana
149769211,Alfred,Rutherford
731977,Teena,Ng
25330430,Aden,Tuttle
85012681,Kathi,Lim
23166056,Suzette,Romano
241316649,Jerry,Trejo
197812679,Jennifer,Arthur
26728019,Capitol Hill Mansion,Knowles
243181822,Louis,Lyon
243330372,Fojas,Shirley
243563671,Sam & Perri,Quinones
3029098,Renee And Linda,Childs
202565353,Joseph,Dolan
2995486,David,Head
1627455,Eddie,Reyna
107478989,Elizabeth,Saenz
198049907,Nancy,Hastings
25012443,Mike,Kenney
245139493,Jt,Cano
51471173,Kalen,Foreman
8289288,Jessica,Denton
186331559,Philincia,Villalobos
70487280,Monica,Pryor
246189000,Aprel,Sargent
34848589,Joseph,Doherty
5338178,Tyler,Hopper
218640603,Cecilia,Phan
247220085,Brian,Womack
61433067,Tolo,Lockhart
104544994,Larry,Ventura
64368491,Rachel,Dwyer
24304574,Teena & Hector,Muller
344098286,Sue,Galindo
48635292,Carissa,Grace
242283964,Teshome,Sorensen
249102926,Nicole,Courtney
9663742,Van,Parra
152171563,Daniel,Rodrigues
76254142,Allie,Nicholas
1857717,Rex,Ahmed
88984888,Jason,Mcginnis
71336607,Katie,Langley
236236502,Don,Madison
250784506,Carlos,Locke
250873663,Mary,Jamison
12852053,Radhika,Nava
51180812,Jana,Gustafson
248904337,Lulu,Sykes
249680508,Chris And Jen,Dempsey
179727810,Courtney,Hamm
252583587,Luke,Rodriquez
106947890,Daniel,Mcgill
602040,Jill,Xiong
219524979,Sonder (Denver),Esquivel
183568154,Jesse,Simms
253312600,Mike + Sandy,Kendrick
10456666,Sukumar,Boyce
94544920,Tonia,Vigil
86087745,Rick,Downey
18065556,Peter And Anne,Mckenna
25519738,Karen,Sierra
12804331,Matt,Webber
2197816,Thomas,Kirkpatrick
778127,Ryan & Cynthia,Dickinson
109057233,Jeremy,Couch
65100323,Jorge,Burks
123946444,Kathleen,Sheehan
255776797,Seifu,Slaughter
252844767,Ghery,Pike
5822956,Cassie,Whitley
197586941,Matt & Alyson,Magee
7343682,Josh,Cheng
31715791,Scott,Sinclair
125224431,Vivi,Cassidy
6526458,Anita,Rutledge
92005586,Robert,Burris
113886802,Mary,Bowling
13868914,Kim,Crabtree
21738634,Anna,Mcnamara
257668522,Luis & Chris,Avalos
203565064,Marcus,Vu
21789987,Scott,Herron
11081917,Brooke&Elliot,Broussard
375213456,Brandon,Abraham
258657047,Amy,Garland
229095817,Loftium,Corbett
34917261,Ashley,Corbin
46412627,Stefy,Stinson
259016164,Josh,Chin
49053892,Erick,Burt
259275566,John And Lara,Hutchins
11910023,Chuck,Woodruff
260210753,Dan & Michelle,Lau
213555346,Michelle,Brandon
61551450,Jamie,Singer
128001164,Lance,Hatch
13813250,Evangeline,Rossi
2278,Patty,Shafer
58105586,Kelli,Ott
61473443,Kaitlin,Goss
23544307,Emily,Gregg
97123328,Hannah,Dewitt
183509253,Heather,Tang
7882819,Nicole,Polk
78300099,Michael,Worley
116473603,Chris,Covington
24670282,Sabrina,Saldana
193108199,Amy,Heller
117792986,Emily,Emery
17885047,Angie,Swartz
264266560,Jennifer,Cho
107664982,Tim,Mccray
73356740,Dylan,Elmore
264792881,Mario,Rosenberg
20944296,Carissa And Tony,Simons
54230356,Ryan,Clemons
91306211,Richard,Beatty
6609898,Zoey,Harden
27429860,Brandon,Herbert
114332015,Benjamin,Bland
259308801,Abeselom,Rucker
3643634,Cici (Amy),Manley
10188678,Paul,Ziegler
261834409,Peggy,Grady
263781836,Amanda,Lott
117798889,Sarah,Rouse
4455887,Thomas,Gleason
46594989,Derrick,Mcclellan
3928917,Terra,Abrams
268426834,Tom,Vo
45593991,Margaret,Albright
15911080,Dk,Meier
269672902,Sulee,Dunbar
3275167,Derek & Lindsey,Ackerman
268797798,Phuoc Dung,Padgett
270081596,Jennifer,Mayes
54127175,Jordan,Tipton
35963579,Jono,Coffman
168257839,Karma,Peralta
150760901,Angela,Shapiro
48443885,Peter,Roe
12450054,Jill,Weston
71115786,Bailey,Plummer
74872739,Jennifer,Helton
36472958,John,Stern
49205365,Alex,Fraser
240217727,Nic,Stover
300656,Dan,Fish
5422820,Gregg,Schumacher
4371491,Eric,Baca
4819176,Jenni,Curran
272466914,Paul,Vinson
17528370,Patrick,Vera
195246442,Chandler,Clifton
25241149,Bryce,Ervin
27498240,Christine & David,Eldridge
273537900,Kelly,Lowry
273537088,Degef,Childress
273593905,Comfort,Becerra
28774777,Fortune,Gore
216314983,Cristina,Seymour
168940217,Ashley,Chu
273321624,The Ramble Hotel,Field
38833223,Amberly,Akers
37489777,Darren,Carrasco
16894695,Stacy,Bingham
1384407,Venu,Sterling
175769262,Allison,Greenwood
205309024,Art,Leslie
275147129,Jim,Groves
165451165,Christopher,Manuel
275640371,Luchia,Swain
24132726,Pierce,Edmonds
121967520,Alana And Jacop,Muniz
175508080,Frank  &  Karen,Thomson
159145334,Brittney,Crouch
41210683,Sonia,Walden
10083344,Kate,Smart
38793718,Hasena,Tomlinson
127492433,Nick,Alfaro
203021124,Justin,Quick
277504731,Joseph,Goldman
69874010,Ryan,Mcelroy
43944042,Laura,Yarbrough
121135906,Amelia,Funk
10282840,Tim,Hong
115426549,Joshua,Portillo
277508219,Olivia,Lund
28593751,Justin,Ngo
18487276,Jeremy,Elkins
8312873,Eleanor,Stroud
33442263,Ashley,Meredith
7419533,Kristin,Battle
38760073,Heather,Mccauley
280045010,Queen City,Zapata
23741168,Rick,Bloom
15129676,Lia,Gee
5619964,Heather,Givens
231033010,Krisana,Cardona
224806876,Jamie,Schafer
55350488,Mark,Robison
11357766,Dan,Gunter
280912396,Reilly,Griggs
15738034,Scott,Tovar
126322773,Danielle,Teague
281772544,Derek,Swift
174256749,Natalie,Bowden
34193851,Bonnie,Schulz
2619306,Zack,Blanton
91097749,Kent,Buckner
9383898,Kristen,Whalen
101672774,Whit,Pritchard
272721196,Bobby & Missi,Pierre
283810192,Kurt,Kang
1278574,Scott,Metcalf
155717555,Richard,Butts
49126373,Lindsay,Kurtz
284135359,Loan,Sanderson
284283702,Al,Tompkins
284805380,Peter,Inman
45743788,Kathleen,Crowder
10088549,Patricia,Dickey
7879432,Cathy,Hutchison
179381879,Sue,Conklin
239378525,Tom,Hoskins
67335408,Erick,Holbrook
287154690,Pearl & Jason,Horner
155016847,Victoria,Neely
139675134,Ryan,Tatum
62547759,Deborah,Hollingsworth
287914841,Stacie And Reggie,Draper
19296162,Barrett,Clement
998214,Jeffrey,Lord
147826273,Nancy,Reece
7430284,David,Feldman
9316975,Casey,Kay
141898045,Abby,Hagen
166675793,Tarynn,Crews
90602667,Brian,Bowles
290230837,Marsa,Post
1912130,Josh,Jewell
54861879,Jonathan,Daley
21884705,Paul,Cordero
9645008,Leesa,Mckinley
49501042,Justin,Velasco
219351029,Laurie,Masters
1169743,Michael,Driscoll
292839721,Pam,Burrell
279058100,Joe,Valle
15689538,Katie,Crow
42500700,Kati & Matt,Devine
1252435,Yulis W.,Larkin
28988152,Tj,Chappell
6498749,Jarrod,Pollock
15902994,Heather,Ly
37796219,Jacob,Kimball
269641138,Wyatt,Schmitz
137174404,Daniel,Lu
143448741,Sandra,Rubin
87285176,Kim,Self
18843692,Jamie And Ryan,Barrios
26739841,Kammie,Pereira
21214564,Alice,Phipps
20243471,Lydia,Mcmanus
295501036,Michael,Nance
143231209,Jenna,Steiner
26018832,Chelse,Poe
411982979,Kristen,Crockett
19814463,Jose A,Jeffries
296528257,Susan,Amos
290557665,Mekonen,Nix
44962476,Danny,Newsome
8168001,Erin,Dooley
286713983,Addis,Payton
283078660,Kyle,Rosen
297420943,Daniel,Swenson
58444152,Rob,Connelly
52829296,Kelsey,Tolbert
72407218,Nicole,Segura
242571312,Mimi,Esposito
48077776,Nate,Coker
261774896,Sentral Union Station,Biggs
54238319,Jason,Hinkle
298802183,Melissa,Thurman
43741747,Siu Yin,Drew
298880291,Idris,Ivey
200943821,Michelle,Bullard
301138422,Lisa,Baez
299567728,Heather,Neff
173051759,Jerry,Maher
6685144,Natalie,Stratton
300062815,Jo,Egan
27332670,Matthew,Dubois
9164310,Falon,Gallardo
994594,Rebecca,Blue
226548401,Karry,Rainey
68217974,Tobi,Yeager
54132165,Hillary,Saucedo
301736615,Mike,Ferreira
55786363,Jackie,Sprague
23970640,Beth,Lacy
2504075,Kristine,Hurtado
272144611,Boom,Heard
302283878,Craig,Connell
296339358,Rory,Stahl
64590799,Ryan,Aldridge
302537847,Elizabeth,Amaya
24386351,Kelly,Forrest
36867697,Donna,Erwin
30297835,David,Gunn
300846437,Ryan,Swan
140477539,Matt & Mackenzie,Butcher
48518220,Shelby,Rosado
366539,Jan,Godwin
11078552,Andrew,Hand
54598644,Megan,Gabriel
37229856,Zach,Otto
156989118,Noam,Whaley
17744599,Sthef,Ludwig
101222145,Mitchell,Clifford
33434168,Shauna,Grove
91747800,Bradley,Beaver
361950539,Gregory,Silver
136367075,Leeanne,Dang
71974473,Jon,Hammer
52504099,Sarah,Dick
227645916,Kathy,Boswell
176287958,Dan,Mead
72418707,Jasmeen,Colvin
9235763,Ashley,Oleary
263435838,Adam,Milligan
6274465,Laura,Goins
90587987,Matt,Ames
17817557,Bobby,Dodge
71724740,Joe,Kaur
201197048,Vanessa,Escobedo
305964968,Jesus & Lucy,Arredondo
306086104,Greg,Geiger
306294159,Jordan,Winkler
306507919,Hayley,Dunham
9687965,Megan,Temple
307026675,Jennifer,Babcock
180582192,Tracy,Billings
376448746,Gillian,Grimm
511017,Joy,Lilly
308345149,Willie,Wesley
33613383,Ellyce,Mcghee
200509323,Jewels,Siegel
308559526,Jimmy,Painter
29713193,Andrea,Bower
2182227,Melinda,Purcell
47648848,Cesar,Block
107662009,Oliver,Aguilera
30855368,Brian,Norwood
2127135,Jason,Sheridan
158348782,Mateo,Cartwright
45606342,Lola,Coates
10999496,Kristin,Davison
14247837,Tova,Regan
15202083,Katerina,Ramey
13009613,Corey,Koenig
12726473,Sharon,Kraft
15506478,Elizabeth,Bunch
310448512,Salar,Engel
24627697,Julia,Tan
10459251,Christy,Winn
75962828,Danny,Steward
111949248,Bryan,Link
34676831,Frank,Vickers
10933381,Taylor,Bragg
311628354,Recardo,Piper
248759624,Kayne,Huggins
101426145,Michael,Michel
3585963,Moon,Healy
134944028,Greg,Jacob
28037254,Sara,Mcdonough
73321665,Niki,Wolff
284325463,Hilary,Colbert
88815989,Nathan,Zepeda
3651177,Jane,Hoang
33851835,Lyndon,Dugan
159040125,Curt,Meade
116674940,Sarah,Kilgore
78948015,Victor,Guillen
161210144,Viveca,Do
1143289,Monica,Hinojosa
316248773,Scott,Goode
6970959,Kim,Arrington
314495996,Lance,Gary
76050682,Kristy,Snell
317846269,Thiago,Willard
312409268,"Life House, Lower Highlands",Renteria
128725517,Rocco And Jami,Chacon
14439826,Ian,Gallo
80287875,Nicolina,Hankins
318992047,Breydan And Maggie,Montano
278696828,Patricia,Browne
318254030,Tulip,Peacock
73967223,Nicole,Ohara
319626257,Yoseph,Cornell
2259717,Maxwell,Sherwood
99793658,Katie,Castellanos
83196691,Michael,Thorpe
3882052,Frederick,Stiles
1261078,Melissa,Sadler
57730109,Franklin,Latham
44089734,Kyle,Redmond
22013506,Krista,Greenberg
204321987,Lencha,Cote
52273751,Malia,Waddell
229118598,Sarah,Dukes
320983557,Christina,Diamond
17912902,William And Emily,Bui
92467932,Wendy,Madrid
13741887,Elise,Alonso
99865643,Sarah,Sheets
78350960,Rachel,Irvin
100700623,Aneissa,Hurt
325922153,Steve,Ferris
325970149,Michael,Sewell
326057017,Mickey,Carlton
275411185,Gerry,Aragon
91885904,Elliott,Blackmon
53504514,Gareth,Hadley
8077763,Theresa,Hoyt
327359007,Adam,Mcgraw
34606234,Dominic,Pagan
99308570,Hunter,Land
328567451,Antoine,Tidwell
36804322,Anas,Lovell
48781999,Gabriela,Miner
328983413,John,Doss
2175325,Mike,Dahl
404943625,Bailey,Delatorre
23332515,Beth,Stanford
8141841,Sarah,Kauffman
331573142,Dave,Vela
330011694,Mike,Gagnon
69551645,John,Winston
107074749,Sarah,Gomes
17728984,Glenn,Thacker
74406409,Stephanie,Coronado
37598725,Tyler,Ash
146013274,Marcos,Jarrett
45397806,Joshua,Hager
142035273,Jasper,Samuels
233123427,Becky,Metzger
323819953,John,Raines
280675,Ryan & Rebecca,Spivey
11069724,Callan,Maurer
332286051,Xavier And Mary,Han
52592312,Tucker,Voss
333038216,The Phoenix,Henley
191775809,Stacey,Caballero
92058278,Eric,Caruso
130136385,James,Coulter
6769793,Kirsten,North
88175647,Jim,Finn
101592688,Zane,Cahill
328129241,Reyna,Lanier
334314882,Tony,Souza
326935430,Tia,Mcwilliams
187048377,Frank,Deal
294328498,Eva,Urban
43724964,Dorota,Schaffer
144046799,Judah,Houser
335671770,Sonja,Cummins
7304978,Dj,Romo
324680650,Jimmy,Crocker
335899991,Cristina,Bassett
158548211,Finn,Kruse
336104483,Atlantis,Bolden
187061987,Malgorzata,Ybarra
47336389,Devin James,Metz
3212890,Lisa,Root
32201807,Matt,Mcmullen
5099486,Warren,Hagan
162686634,Josh,Crump
45306413,Zoe,Guidry
338377982,Anthony,Brantley
82241053,Molly,Kearney
212470717,Phillip,Beal
21639446,Diane,Toth
273646206,Tim,Jorgensen
117332035,Carson,Timmons
339418584,David,Milton
10085704,Olivier,Tripp
140672021,Peter And Staci,Hurd
262595396,Jenya,Sapp
8942046,Melissa,Whitman
29524506,Ann,Messer
173532589,Hayden,Burgos
764912,Irene,Major
17796304,Jeff & Kara,Westbrook
167266968,Billy,Castle
46841969,Carolyn,Serna
277422344,Holly,Carlisle
24616866,Allison,Varela
82329780,Albert,Cullen
39428882,Robby & Lily,Wilhelm
98450901,Oliver,Bergeron
337650794,Sinai,Burger
184167120,Orlando + Nadienka,Posey
2893613,Danielle,Barnhart
34475953,Mandy,Hackett
57049834,Danny,Madrigal
162222305,Dillon,Eubanks
6903998,Leah,Sizemore
7319414,Tessa,Hilliard
342795285,Pj,Hargrove
342837213,Lauren & Matt,Boucher
306904223,Athena & Wes,Thomason
92115271,Matt,Melvin
323075243,Louie,Roper
23217371,Sam,Barnard
44393390,Tim,Fonseca
28562445,Cedar,Pedersen
95894330,Bill & Lori,Quiroz
26883595,Cecil,Washburn
29212018,Barry,Holliday
192295823,Karla,Yee
270788220,Jay,Rudolph
72589855,Caleb And Khadijah,Bermudez
75621021,Amy,Coyle
3484713,Vu,Gil
176666947,Jessica,Pina
168192369,Heather,Goodrich
299373263,Dania,Elias
345249568,Anita,Lockwood
23724674,Danielle,Cabral
379711454,Kasa,Carranza
5294367,CarolAnn,Duvall
341402035,Jo,Cornelius
79637968,Jeremy,Mccollum
346796342,Cecelia,Street
345461045,Housing Helpers,Mcneal
123367341,Ashley,Connors
62679474,Nicole,Angel
19806692,Jas & Johnny,Paulson
2440834,Dayna,Hinson
80287548,Bailey,Keenan
20529963,Erika,Sheldon
11572263,Emily,Farr
359071917,Raquel,Eddy
1055107,Jeremy,Samuel
69679656,Joshua,Ring
348572318,Hilda,Ledbetter
113063764,Jeff,Betts
348597216,Teresa,Fontenot
329037890,Anthony,Gifford
348697199,Mint House Downtown Denver,Hannah
749614,Audrey,Hanley
22221483,Brianne,Person
48912761,Tessa,Fountain
10591452,Sami,Levin
78096605,Orench,Stubbs
451013,Andy,Hightower
94191827,Joe,Murdock
343743763,Walker,Koehler
130924159,Lindsay,Ma
37885304,Chinda,Engle
40138925,Adam,Smiley
82155612,Steven,Carmichael
145530569,Heather,Sheffield
3666563,Albina,Langston
312966111,Joaquin,Mccracken
7882686,Jennifer,Yost
26548012,Jennifer,Trotter
1506918,Elie,Story
29369330,Javier,Starks
175492115,Edina,Lujan
196678605,Liz,Blount
73966189,David,Cody
162462178,Caroll,Rushing
12333471,Ed,Benoit
15573113,Susanna,Herndon
42300815,Gary,Jacobsen
7570810,Mark,Nieto
212464697,Stacy,Wiseman
355773710,Amanda,Layton
12644994,Aleksej,Epps
129431860,Aleko,Shipley
105375426,Stephanie,Leyva
141122093,Tristan,Reeder
38593616,Kate And Mike,Brand
356791420,Alex,Roland
19987765,Jaime,Fitch
262263590,Brian,Rico
301714537,Jeff,Napier
185397245,Zendigz,Cronin
62696599,Dakota,Mcqueen
260678363,Madyson,Paredes
10301397,Amanda,Trent
358677862,Ruchi,Christiansen
37408639,Ali,Spangler
15173993,Mitch,Pettit
133175506,Marni,Langford
170996261,China,Benavides
21151114,Casey,Penn
153407596,Ginamarie,Paige
25372633,Andrew,Weir
19871094,Carly,Dietz
360560535,Kathryn,Prater
133155457,Barbara,Brewster
103375459,Eliot,Louis
19969155,Jack,Diehl
146450642,Deysi,Pack
361651918,Paul,Spaulding
56665335,Melissa,Ernst
360910929,Banjo,Aviles
330021347,Hanna,Nowak
63152121,Brian,Olvera
71827861,Laura,Rock
229457399,Ericka,Mansfield
156128851,Lila,Aquino
345186924,Carla,Ogden
1313610,Jon,Stacy
56071269,Susan,Rizzo
75071605,Zach,Sylvester
6847601,Nicholas,Gillis
36999179,Andrea,Sands
23644492,Aaron,Machado
363675021,Brianna,Lovett
90149069,Sarah,Duong
364235960,Kristin,Hyatt
23265998,Jeff,Landis
31676476,Katie,Platt
8679440,Kim,Bustamante
27534126,Colin,Hedrick
230400897,Cinthya,Pritchett
364549616,Michelle,Gaston
241216592,Tori,Dobson
364667865,David,Caudill
40833294,Bill,Tackett
302966573,Samuel,Bateman
104516574,Newly & Lisa,Landers
324671821,Kate,Carmona
127365629,Acacia,Gipson
2304054,Ashlae,Uribe
50776110,Chandrika & Dominic,Mcneill
263732582,Al,Ledford
22200946,Logan & Family,Mims
128860468,Will,Abel
80253208,Nicole,Gold
17470369,Marga,Smallwood
13119970,Zahra,Thorne
11652812,Janelle,Mchugh
10130412,Janelle,Dickens
113459368,Patrick,Leung
191976506,Vivian,Tobin
366608496,Kyle,Kowalski
366621281,Aaron,Medeiros
13607123,Adam,Cope
176781036,Tatiana & Jordan,Quezada
29293985,Kydale,Kraus
365808978,RiNo Art Lofts,Overton
48085128,Alejandra,Montalvo
298026688,Siobhan,Staley
3130789,Sarah,Woody
3340908,Renae,Hathaway
5556349,Carey,Osorio
42519248,Stephanie,Laird
10977525,Amy,Dobbs
129138593,Rondi,Capps
79126554,Hamlet,Putnam
67754477,Callie,Lay
264336356,Carolyn,Francisco
16421702,Bryan,Bernstein
219530004,Irene,Adair
39464871,Samuel,Hutton
14202488,Erika,Burkett
2882621,Chris,Rhoades
6602610,Andrea,Yanez
283022459,Elizabeth,Richey
9560911,Beau,Bledsoe
125237810,Livia,Mccain
136395587,Julia,Beyer
270403191,Carl,Cates
19198280,Ben,Roche
70014396,Sineah,Spicer
13738836,Nicholas,Queen
181205324,Plushy,Doty
370338467,Nicole,Darling
8915997,Raksha,Darby
8514755,Brandon,Sumner
11495188,Eirin,Kincaid
43977375,Meghan,Hay
362187052,Evan & Joe,Grossman
18501125,Tara,Lacey
192655287,Lauren,Wilkes
213457607,Borauzima,Humphries
15910418,Andrea,Paz
161438461,Maya,Darnell
368944610,Carolyn,Keys
229865390,Brian,Kyle
17683421,David,Lackey
371139938,Zach,Vogt
371095834,Mary,Locklear
334032158,Eric,Kiser
352372616,Dorothy,Presley
7917646,Stephanie,Bryson
370987920,Daniel,Bergman
10086231,Emily,Peoples
18320139,Julie,Fair
371447266,Mervin,Mcclendon
57943377,Kristy,Corley
146952505,Adrienne,Prado
69123721,Heather,Christie
10557035,Jill,Delong
209410229,Erica,Skaggs
24599187,Jeff,Dill
83048466,Ashley,Shearer
235264831,Brandon,Judd
187875664,Jeanine,Stapleton
12036106,Jay,Flaherty
167563754,Christine,Casillas
372107522,Mike,Pinto
43967211,Stephanie,Youngblood
372568158,Sydne,Haywood
70354485,Michelle,Toney
35922916,Evan,Ricks
15941132,Tyler,Granados
112904801,Mara,Crum
372414088,Yidnekachew,Triplett
252428254,Ally,Soriano
340445453,Mountain And Beach Corporate,Waite
372811069,Anya,Hoff
163853595,Michelle,Anaya
372947178,David,Crenshaw
30554813,Natalie,Jung
3529088,Joice,Canales
13784247,Kathryn,Cagle
152507325,Veronica,Denny
347036002,Malik,Marcus
7439581,Jennifer,Berman
143782575,Laura,Munson
373482356,Amanda,Ocampo
78469637,Steven,Bauman
90044514,Alek,Corcoran
67063415,V,Keen
338822088,Mimi,Zimmer
373780289,Claire,Friend
373839285,Kailey,Ornelas
5364995,Niley,Varner
204370893,Timothy,Pelletier
48154305,Brandon,Vernon
238770723,Rebecca,Blum
186966466,Johnny & Carly,Albrecht
153438372,Katie,Culver
235004588,Mark,Schuster
26721139,Melanie Rose,Cuellar
24126092,Tyler,Mccord
124857163,Ron And Stacy,Shultz
126644161,Evolve,Mcrae
52702618,Connor,Moreland
188477823,Tony,Calvert
23108551,Gabrielle,William
2306853,Christina,Whittington
5804853,Natalie,Eckert
17622086,Kent,Keene
41909570,Brooke,Mohr
18753643,Eric,Hanks
15875244,Kim,Kimble
18877642,Lisa,Cavanaugh
368186144,Bre,Crowell
14686668,Julia,Russ
8800161,Susan,Feliciano
32288918,Daniel,Crain
50403533,Aaron,Busch
5320387,Chris,Mccormack
41194893,Scott,Drummond
2600976,Nick,Omalley
158148369,Wayne,Aldrich
125714032,Reggis,Luke
312145333,Jasmine,Greco
34294416,Stephanie,Mott
24626790,Ryan,Oakes
115443306,Eric,Mallory
25907590,Jennifer,Mclain
26497911,Jordan,Burrows
42339721,Joseph,Otero
31483023,Erynn,Allred
12435092,Dana,Eason
23572618,Bryce,Finney
21078778,Paige,Weller
26165807,Lukas,Waldron
111478507,Alisa,Champion
376896805,Carol,Jeffers
8223595,Liz,Coon
305357286,Mariel,Rosenthal
377219980,Antoine,Huddleston
8672659,Ben,Solano
2461481,David And Theresa,Hirsch
55721272,George,Akins
15612930,Peter,Olivares
3023868,Ross,Song
344008741,John (Mike),Sneed
11512929,David,Benedict
378384878,Tiffany,Bain
113951923,Morgan,Okeefe
3152743,Sergio,Hidalgo
5935008,Chase,Matos
33156641,Simone,Stallings
47295581,Jonathan,Paris
60414610,Nate & Jenna,Gamez
374206607,Rahel,Kenny
84894924,Jason,Quigley
13187755,Brittany,Marrero
76018832,Tess,Fagan
22550495,Benjamin,Dutton
378993771,Evelo,Pappas
98301801,Chayla,Atwood
27976406,Christopher,Mcgovern
29477818,Jose,Bagley
10653789,Jim,Read
90117505,Jenn,Lunsford
379742504,Mark,Moseley
33614508,Daniel,Oakley
379880861,Dominique,Ashby
106845625,Andy,Granger
8608452,Jessie,Shaver
361891821,Sarah,Hope
12936597,Rachel,Coe
68274757,Anjanette &,Burroughs
18360538,Rebekah,Helm
104696124,Nick,Neumann
98488152,Jennifer,Ambrose
40540962,Matt,Michaels
52252533,Joseph,Prescott
17156095,Shane,Light
339436851,Brian,Dumas
272040001,Yosune,Flood
21224765,Rachel,Stringer
151800502,Justin,Currie
7208149,Philip,Comer
381236017,Sara,Fong
346713480,Deanna,Whitlock
120016948,Andrew,Lemus
208327479,Brett (Mike),Hawley
105144406,Bonnie,Ulrich
151921218,Eli,Staples
52357669,Kim,Boykin
382335936,Manuel,Knutson
7271048,Dana,Grover
218836825,Scott,Hobson
130143679,Gary And Julia,Cormier
263502162,Landing,Doran
26427651,Meg,Thayer
375223605,A.C.,Woodson
69336458,Matthew,Whitt
24263205,Kyle,Hooker
67365916,Myles,Kohler
383660245,Brittney,Vandyke
16974792,Matthew,Addison
79530426,Betty,Schrader
44680246,Michael,Haskins
197738754,Liliana,Whittaker
38754802,Margarethe,Madsen
9430511,Marisa,Gauthier
27270571,David,Burnette
38419271,Omar,Keating
134278978,Grace,Purvis
189556156,Vivian,Aleman
31487303,Eric,Huston
39334139,Shannon,Pimentel
46298970,Anthony,Hamlin
385554200,Hector,Gerber
332929899,Richard & Debbie,Hooks
19262825,Ed,Schwab
9517452,Zach,Honeycutt
131217387,Lionel,Schulte
59087001,Taylor,Alonzo
151178049,Alan,Isaac
63245417,Desi,Conroy
79125111,Catherine,Adler
345060168,Jack (Manager),Eastman
386777203,Alex,Cottrell
330419385,Jenn,Orourke
107434423,Blueground,Hawk
15811271,Elizabeth,Goldsmith
387409884,Michelle,Rader
5873290,Matt & Heidi,Crandall
12620293,Stacy,Reynoso
101884047,Claire,Shook
107800647,Sandy,Abernathy
387938104,Serafina,Baer
23789665,Kathryn,Olivas
160494969,Angie,Grayson
107716577,Rick,Bartley
28345217,Nicole,Henning
93550561,Christy & David,Parr
21178787,Andrea & Joe,Duff
32096696,Matt,Brunson
40218958,El,Baum
12978479,Cam,Ennis
388611631,Pete,Laughlin
20276985,Joey,Foote
121770068,Aleah,Valadez
33706492,Bryen,Adamson
60150316,Wesley,Begay
124761061,Nicole,Stovall
388873757,Alena,Lincoln
99116542,Ryan,Cheung
19876623,Christopher,Malloy
362968552,Ashley,Rider
388909963,Katherine,Giordano
11491972,Mary & Tony,Jansen
388980582,Modern Living,Lopes
93876618,Mike,Arnett
32967578,Chris,Pendleton
162417770,Elisa,Gage
11767108,Tom,Barragan
71151082,Jack,Keyes
47015085,Grant,Navarrete
41844230,Nishant,Amador
11233192,Marla,Hoffmann
343893080,Bodil,Schilling
10525877,Rachel,Hawthorne
17368806,Adam,Perdue
372227538,Shannon,Schreiber
346606065,Kayla,Arevalo
44679418,Genesis,Naylor
71190937,Joel,Deluca
354894350,Jason,Marcum
222445795,Laurie,Altman
390107054,The Berkeley,Mark
19537651,Andrew,Chadwick
6439464,Eileen,Doan
5539480,Andrea,Easley
246821973,Devon,Ladd
109144183,Allyson,Woodall
110569163,Ashley,Betancourt
33780053,Sunita,Shin
3397841,Karen,Maguire
9524940,Dillon,Bellamy
390874863,Malissa,Quintanilla
390968453,Anne,Ham
23267539,Erin,Sorenson
383021621,3Gen,Mattson
221403814,Five Star Property,Brenner
35513038,Keysha,Means
66785394,Alexis,Faust
35715445,Kimmie,Calloway
97528867,Lisa,Ojeda
18714604,Courtney,Mcnally
2844261,Todd,Dietrich
65914251,Stacie,Ransom
146205839,Sarah,Hare
29789136,Andy,Felton
21109537,Jeremiah,Whiting
37036014,Maggie,Burkhart
78127236,Matt,Clinton
392360868,Lincolnwood,Schwarz
253066593,Tanner,Cleary
44745357,Grace,Wetzel
56525698,Cindy,Reagan
72362030,Lindsey And Neil,Stjohn
127974983,Jason,Chow
136101373,Bret,Hauser
107279139,Kyle And Kimberly,Dupree
41865226,Alyssa,Brannon
171822720,Bradley,Lyles
393738864,Austin,Prather
393162655,Stephanie,Willoughby
5208398,Brewster,Sepulveda
48761279,Madelyn,Nugent
304957129,Saoirse,Pickens
24944249,Gregg,Mosher
134192670,Paige,Joiner
227501980,Julie,Stoner
89225074,Rob,Dowling
394610010,Francisca,Trimble
28873874,Nick,Valdes
110972585,Rachel,Cheek
394736170,Robert,Scruggs
28157911,Benjamin,Coy
60767086,Sarah,Tilley
151849004,Chris+Allison,Barney
22228344,Nina,Saylor
264828121,Stephanie,Nagy
42620368,Sabrina,Horvath
31110796,Rebekah,Lai
67329113,Wes,Corey
126650115,Melanie,Ruth
115714849,Rachel,Sauer
45956689,Olivia,Baron
1109725,Jason,Thao
395685264,James,Rowell
68765251,Sam Sadegh,Grubbs
395859496,Kendra,Schaeffer
92648506,Jacie,Hillman
13266278,Greg,Sams
58098571,Brooke,Hogue
396006388,Seth,Hutson
224239309,Melissa,Busby
24600034,Caroline,Nickerson
47440806,Sam,Bruner
14124542,Gian,Parham
40540817,Shannon,Rendon
47938358,Masum,Anders
50200670,McKenna,Lombardo
396866323,Dawit,Iverson
6670605,Lionel,Kinsey
273292350,Orit,Earl
50664501,Alyssa,Borden
165763365,Katie,Titus
1474666,Joseph,Jean
119949413,James,Tellez
397374243,Emily,Beavers
26912458,Frank,Cornett
145580931,Patrick,Sotelo
874938,Sarah,Kellogg
76235427,William,Silverman
8658756,Suzanne,Burnham
1221,Dan,Mcnair
118964159,Aaron,Jernigan
36295269,Christiana & Ben,Escamilla
25078544,Nathalie,Barrow
4263293,Natalie,Coats
24091986,Greg,London
155018986,John,Redding
4602071,Julie,Ruffin
373022405,Cisco,Yi
203963984,Jeri,Boudreaux
105350457,Craig,Goodson
119488604,Evolve,Dowell
391708489,Rad,Fenton
242605741,Carolyn,Mock
399292140,Meredith,Dozier
12335893,Darleen,Bynum
189411483,Jasmine,Gale
398963248,Adam,Jolly
334219041,Agustina,Beckman
16576067,Ryan,Goddard
392716226,Preston,Craven
399099077,Jay,Whitmore
3598654,Lee,Leary
45509490,Chris,Mccloud
92728431,Steph + Joe,Gamboa
255379575,Caleb,Kerns
1728770,Andrea,Brunner
33654484,Sarah,Negron
232858566,Troy,Hough
144333314,Priscilla,Cutler
204608095,Kerem,Ledesma
43954940,Julie,Pyle
227486093,Ty,Monahan
401159506,HomeLab,Tabor
38099445,Alice,Burk
33157183,William,Leone
400798676,Jared,Stauffer
46941005,Nick,Hayward
23209026,Enzo,Driver
10162813,China,Ruff
401093175,William,Talbot
32790821,Paige,Seals
401527657,Courtney,Boston
395186101,Karen,Carbajal
358836684,Katherine,Fay
63650191,Morgan,Purdy
13197754,Chris,Mcgregor
174195569,Alena,Sun
237522800,Daniel,Orellana
11999984,Matthew,Gentile
64226104,Sarah,Mahan
47065656,Patrick,Brower
12583589,Scott,Patino
5944418,Taylor,Thurston
334405029,Olivia,Shipman
402095401,Dawit,Torrez
153449249,Joseph,Aaron
402405620,Bill,Weiner
541087,Nicole,Call
130420914,Joe,Wilburn
7698034,Hana,Oliva
38978831,Wade,Hairston
403045274,Berween,Coley
73858721,Z.Z.,Hummel
27663039,Brayton,Arreola
15791041,Gloria,Watt
310464814,Carrie,Sharma
14126753,Kim & Benjamin,Lentz
403481867,Derek,Arce
403135801,Brad,Power
137189465,Garrett,Longoria
243685543,Christine,Wagoner
191443341,Laura,Burr
111180459,Patrick,Hsu
102362681,Gabrielle,Tinsley
24917817,Daniel,Beebe
403861415,Ivy,Wray
27853958,Greg,Nunn
99936845,Wes,Prieto
404381032,Brian,German
404414089,Cody,Rowley
23147901,Yon,Grubb
118575365,Matthew,Brito
372429032,Rylan,Royal
93178732,Amber,Valentin
370231080,Mitchell,Bartholomew
401251189,Espadín,Schuler
383837798,Juanita,Aranda
300639896,Jeffrey,Flint
16510430,David,Hearn
45835227,Ali,Venegas
308096048,Zach,Unger
32346020,Amanda,Mattingly
405662820,Bradley,Boles
195294994,Bee,Casas
6156166,Dmitriy,Barger
350239504,Nick,Julian
26762788,Brooke,Dow
129740790,Geneva,Dobbins
184107642,Rondre,Vann
404710147,Ronny,Chester
406276035,Cherly,Strange
132861399,Gina,Lemon
406434189,Richard,Kahn
46401356,Lisa,Mckinnon
12020824,Bertha,Gannon
3318889,Tatiana,Waggoner
5066092,Danielle,Conn
5872217,Shix,Meek
258368091,Greyson,Cavazos
406033071,Austin,Skelton
407124285,Amber,Lo
7748860,Brian,Kumar
88566861,Kasa,Toledo
15353093,Johnny,Lorenz
69541608,Laurell,Vallejo
53225583,Clinton,Starkey
400747894,Michael,Kitchen
402818616,Grandeur,Reaves
344533152,Nana,Demarco
120813889,Michael,Farrar
331813919,Steven,Stearns
65988876,Michael,Michaud
6661050,Holley,Higginbotham
408035175,John,Fernandes
22908033,Carly,Isaacs
408347640,Erin,Marion
408367562,Christopher,Guillory
35517144,Pari,Priest
257809781,Ruben,Meehan
375204509,Bungalow,Oliveira
408732542,Sean,Palma
99092035,Ryan,Oswald
85717847,Allison,Loomis
408790364,Paul,Galvez
225658142,Iskra,Lind
38786334,Max,Mena
112788041,Natasha,Stclair
127760478,Ava,Hinds
9712350,C.J.,Reardon
409203234,Mitchell,Alley
19758033,Meg,Barth
59069399,Joe,Crook
78500934,Katya,Bliss
47284191,Rick,Nagel
44454055,Josh,Banuelos
18595921,Sarah,Parish
176879213,Mike,Harman
23185423,Holly,Douglass
18079488,Libby,Kearns
179191292,Jeff,Newcomb
556183,Graham,Mulligan
25002102,Nichole,Coughlin
391310098,Betelhem,Way
410417854,Austin,Fournier
1253761,Theodore,Lawler
82716492,Jaci,Kaminski
27359136,Ann,Barbour
410792375,Jorden,Sousa
37285323,Daniel,Stump
53234519,Tim,Alaniz
403619064,Blissful,Ireland
4882600,Jordan,Rudd
114346502,Riley,Carnes
411440683,Chloe,Lundy
411518725,Alex,Godinez
105495522,Jason,Pulido
412601612,Douglas,Dennison
374244102,Marc,Burdick
13291490,Abigail,Baumann
164667514,Dani And Ed,Dove
4632354,Crystal,Stoddard
24915045,Kirsten,Liang
7883117,Justin,Dent
396532300,Ivan,Roark
412656637,Nguyen,Mcmahan
10392232,Chris,Bowser
54232529,Zach,Parnell
12151201,Austin,Mayberry
150146701,Khadijah,Wakefield
217850242,Roy,Arndt
83600619,Tayler,Ogle
25762608,Stephen,Worthington
413206874,Isabelle,Durbin
75183477,Ashley,Escalante
413426064,Sofia,Pederson
22807081,Jose A,Weldon
40831833,Jordan,Vick
413933804,Brian,Knott
7611336,Sania,Ryder
414328688,Diane,Zarate
414358757,Matthew,Irving
414795494,LK Management,Clemens
144021138,Kayla,Shelley
300720050,Evan,Salter
43428484,Mike,Jack
225794925,Eva,Cloud
415112454,Jules,Dasilva
40914242,Kayla,Muhammad
13124190,Darryl,Squires
26426742,Stephanie,Rapp
415310411,Travis,Dawkins
80784377,Brandy,Polanco
26878881,Claire,Chatman
50690983,Thomas,Maier
15444933,Ryan,Yazzie
359066913,Raquel,Gruber
34951934,Ashley,Staton
88204780,Tara,Blackman
184674612,Yasmine,Mcdonnell
76189229,Chuck,Dykes
244099075,Harrison,Laws
94993952,Molly,Whitten
185537280,Rick,Pfeiffer
113912354,Kate,Vidal
72197709,Tory,Early
79579478,Heidi,Kelsey
140088190,Andrew,Baughman
8855711,Jacque And Paul,Dias
416847124,Narine,Starnes
334421116,Infinite,Crespo
163519864,Alejandro,Lombardi
16021326,Coral,Kilpatrick
162863926,Ashley,Deaton
80085002,Hector,Satterfield
12099563,Kathryn And Mike,Wiles
176743068,Alex,Weinstein
2327112,Nicholas,Rowan
17839765,Patrick,Delossantos
417863546,Kara,Hamby
126509594,Carleigh,Estep
417785272,Angie,Daigle
417802010,Leticia,Elam
402049261,Al,Creech
6529461,Teryn,Heck
8812591,Lauren,Chavis
418038586,Lauren,Echols
5615582,RoomPicks,Foss
72225094,Renée,Trahan
386387802,Francisco,Strauss
41168706,Corey,Vanhorn
411601844,Moe,Winslow
76204286,Katie,Rea
418629707,Peter,Heaton
123481699,Brooke,Fairchild
7557131,Tara,Minton
152895467,Corinne,Hitchcock
27506878,Lindsay,Linton
35331385,Phil,Handy
90147454,Jule,Crouse
33442114,Kevin,Coles
96032444,Skyler,Upton
202427489,Nikoletta,Foy
239434377,Briana,Herrington
229416868,Janna,Mcclelland
177074532,Diamon,Hwang
130044535,Vontae,Rector
189091538,Lisa & Mark,Luther
62042053,David,Kruger
141536141,Keith,Salcedo
14517675,Chelsea,Chance
83586083,Joe,Gunderson
242157365,Gett,Tharp
20740969,Magdalena,Griffiths
249475362,Matt & Kelsey,Graf
392548513,Jeanette,Branham
1187822,Mark,Humphreys
361675723,Toni,Renner
85747601,Baillie,Lima
14096478,Teresa,Rooney
54800315,Nate,Moya
9913389,Nicoll,Almeida
109106746,Omer,Gavin
61238926,Meredith,Coburn
124096399,Greg,Ouellette
420802781,Laurie,Goetz
23167374,Adam,Seay
421114345,Nicole,Parrott
42717229,Caity,Harms
148730635,Michaela,Robb
29103624,Aimee,Storey
122439138,Nate,Barbosa
187161157,Martin,Barraza
421179712,Saba,Loyd
24384943,Josh,Merchant
14763632,Grace,Donohue
43826739,Molly,Carrier
56756466,Kylie,Diggs
774,Leah,Chastain
162309870,Michael,Sherrill
37484355,Alli & Henrique,Whipple
401472040,Chris,Braswell
393162817,Elaine,Weathers
422168939,Ana,Linder
417894058,Carli,Chapa
20672269,Sarah,Bock
12150912,Jodi,Oh
157900161,Miriam,Lovelace
24961351,Martin,Saavedra
64911900,Cooper,Ferrara
422461602,Joseph,Callaway
12754928,Christine,Salmon
147283068,Cecilia,Templeton
422773707,Marcy,Christy
343958148,Donato,Harp
370927518,Renee,Dowd
419823751,Seth,Forrester
422461049,Sara,Lawton
245351714,John,Epstein
247708777,Marcus,Gant
43315368,Miguel,Tierney
54492776,Maylene,Seaman
423572388,Sarah,Corral
423899552,Amer,Dowdy
306988414,Ellyce,Zaragoza
424040418,Sarah,Morrissey
197937,Tom,Eller
230018100,Tatiana,Chau
421149684,Jade,Breen
294466256,Morgan,High
159494183,Chris,Newberry
1623771,Jessica,Beam
65788783,Zach,Yancey
273910734,Anna,Jarrell
423902472,Deb,Cerda
14874662,Nick,Ellsworth
92857804,David,Lofton
77602820,Christy,Thibodeaux
424020690,Taylor,Pool
425207313,Sarah,Rinehart
16055735,Ammie,Arteaga
83804816,Rafael,Marlow
5663582,Kelli,Hacker
419900657,Brandon,Will
386751382,Staci,Mackenzie
42782455,Rosie,Hook
426068819,Christopher Paul,Gilliland
426075814,Valerie,Emmons
42777778,Teresa,Pickering
426182343,Jackie,Medley
4975921,Shelby And Nick,Willey
16260760,Derek,Andrew
136433479,Julie,Shell
221889108,Jason,Randle
424588746,Paulina,Brinkley
102759514,Chelea,Pruett
426407142,Laurie,Tobias
359698075,Brad,Edmondson
14800361,Katy,Grier
426513904,Tesoro,Saldivar
426625975,Anthony,Batista
16184244,Jennifer,Askew
8857683,Cleo,Moeller
207403106,Zoe,Chavarria
246595072,Anne,Augustine
55744900,Ranita,Troyer
347939477,Colby,Layne
427120156,Ari,Mcnulty
279307081,Matt Jason,Shank
19404064,Ryan,Desai
52649022,Kate,Herrmann
65987734,Olga,Hemphill
115713671,Shelley,Bearden
427702688,Marc,Spear
352983980,Courtni,Keener
23415904,Jackie,Holguin
265044774,The Black Monarch,Culp
427869463,Noah,Braden
316883493,Loretta,Briscoe
10160841,Allison,Bales
9458173,Garret,Garvin
74448067,Yasmin,Stockton
345431927,Sierra,Abreu
423742105,Taylor,Suggs
89606688,Tye,Mccartney
